Workbook

Sheet Monthly Data
A1: category | B1: month | C1: order_count | D1: total_revenue | E1: avg_revenue
A2: Bakery | B2: 46023 | C2: 6 | D2: 735 | E2: 122.5
A3: Bakery | B3: 46054 | C3: 8 | D3: 2440 | E3: 305
A4: Bakery | B4: 46082 | C4: 11 | D4: 3090 | E4: 280.91
A5: Bakery | B5: 46113 | C5: 13 | D5: 3115 | E5: 239.62
A6: Bakery | B6: 46143 | C6: 15 | D6: 3695 | E6: 246.33
A7: Bakery | B7: 46174 | C7: 14 | D7: 2335 | E7: 166.79
A8: Dairy & Eggs | B8: 46023 | C8: 9 | D8: 2035 | E8: 226.11
A9: Dairy & Eggs | B9: 46054 | C9: 8 | D9: 1935 | E9: 241.88
A10: Dairy & Eggs | B10: 46082 | C10: 15 | D10: 3163 | E10: 210.87
A11: Dairy & Eggs | B11: 46113 | C11: 9 | D11: 1650 | E11: 183.33
A12: Dairy & Eggs | B12: 46143 | C12: 14 | D12: 3479 | E12: 248.5
A13: Dairy & Eggs | B13: 46174 | C13: 11 | D13: 1828 | E13: 166.18
... A37: Snacks & Beverages | B37: 46174 | C37: 15 | D37: 1960 | E37: 130.67

Sheet Pivot Table
C3: Revenue and Total order per category

Sheet Category Targets
A1: category | B1: target_revenue_inr
A2: Fruits & Vegetables | B2: 12000
A3: Dairy & Eggs | B3: 16500
A4: Snacks & Beverages | B4: 13000
A5: Personal Care | B5: 15500
A6: Household Essentials | B6: 17000
A7: Bakery | B7: 12000

Sheet Category Summary
A1: Category | B1: total_revenue | C1: target_revenue_inr | D1: variance | E1: percentage_variance | F1: Tag | G1: Matches Part 1 SQL total?
A2: Bakery | B2: ='Pivot Table'!E7 -> 15410 | C2: {=_xlfn.xlookup(A2:A7,'Category Targets'!A2:A7,'Category Targets'!B2:B7,"Not Found")} -> 12000 | D2: =abs(C2-B2) -> 3410 | E2: =(D2)/C2 *100 -> 28.416667 | F2: =If(B2>C2,"Above Target", (if(E2<=15,"Below Target - Watch", "Below Target - Critical"))) -> Above Target | G2: Yes
A3: Dairy & Eggs | B3: ='Pivot Table'!E8 -> 14090 | C3: {=_xlfn.xlookup(A2:A7,'Category Targets'!A2:A7,'Category Targets'!B2:B7,"Not Found")} -> 16500 | D3: =abs(C3-B3) -> 2410 | E3: =(D3)/C3 *100 -> 14.606061 | F3: =If(B3>C3,"Above Target", (if(E3<=15,"Below Target - Watch", "Below Target - Critical"))) -> Below Target - Watch | G3: Yes
A4: Fruits & Vegetables | B4: ='Pivot Table'!E9 -> 9790 | C4: {=_xlfn.xlookup(A2:A7,'Category Targets'!A2:A7,'Category Targets'!B2:B7,"Not Found")} -> 12000 | D4: =abs(C4-B4) -> 2210 | E4: =(D4)/C4 *100 -> 18.416667 | F4: =If(B4>C4,"Above Target", (if(E4<=15,"Below Target - Watch", "Below Target - Critical"))) -> Below Target - Critical | G4: Yes
A5: Household Essentials | B5: ='Pivot Table'!E10 -> 21715 | C5: {=_xlfn.xlookup(A5:A10,'Category Targets'!A5:A10,'Category Targets'!B5:B10,"Not Found")} -> 17000 | D5: =abs(C5-B5) -> 4715 | E5: =(D5)/C5 *100 -> 27.735294 | F5: =If(B5>C5,"Above Target", (if(E5<=15,"Below Target - Watch", "Below Target - Critical"))) -> Above Target | G5: Yes
A6: Personal Care | B6: ='Pivot Table'!E11 -> 16382 | C6: {=_xlfn.xlookup(A2:A7,'Category Targets'!A2:A7,'Category Targets'!B2:B7,"Not Found")} -> 15500 | D6: =abs(C6-B6) -> 882 | E6: =(D6)/C6 *100 -> 5.6903226 | F6: =If(B6>C6,"Above Target", (if(E6<=15,"Below Target - Watch", "Below Target - Critical"))) -> Above Target | G6: Yes
A7: Snacks & Beverages | B7: ='Pivot Table'!E12 -> 10895 | C7: {=_xlfn.xlookup(A2:A7,'Category Targets'!A2:A7,'Category Targets'!B2:B7,"Not Found")} -> 13000 | D7: =abs(C7-B7) -> 2105 | E7: =(D7)/C7 *100 -> 16.192308 | F7: =If(B7>C7,"Above Target", (if(E7<=15,"Below Target - Watch", "Below Target - Critical"))) -> Below Target - Critical | G7: Yes
